inputs,full_name,phone,email,address,FB_profile,TW_profile,IG_profile,LI_profile,TT_profile,Corp_name,Primary,Leaks,Image,Fake_indication,Reddit_profile,Blockchain,Primary.5
full_name,"[rocketreach, hunterio, local_yellowpages, namechk, usersearch, instant_user_name, sowdust, zoominfo, linkedin]",[truecaller],"[hunterio, rocketreach]","[local_yellowpages, wikimapia]",[],[],[],[],[],"[rocketreach, linkedin]",[],[],[],[],[],[],[]
phone,[rocketreach],"[truecaller, local_yellowpages, rocketreach, pastebinga]",[rocketreach],[],[],[],[],[rocketreach],[],[],[],[],[],[],[],[],[]
email,[hunterio],[],"[hunterio, rocketreach, email_format, , haveibeenpwned,  pastebinga, xtea.io]",[],[],[],[],[rocketreach],[],"[hunterio, email_format]",[],[],[],[],[],[],[]
address,[local_yellowpages],[local_yellowpages],[],"[local_yellowpages, wikimapia, sowdust, trendsmap]",[],[trendsmap],[],[],[],[],[],[],[],[],[],[],[]
FB_profile,"[namechk, rocketreach, usersearch, instant_user_name, sowdust]",[rocketreach],[],[sowdust],[sowdust],[],[],[],[],[sowdust],[],[],[],[],[],[],[]
TW_profile,"[namechk, usersearch, instant_user_name]",[],[],[trendsmap],[],"[social_bearings, truthnest, trendsmap, hoaxy, follower_wonk, Makeadverbsgreatagain, spark_toro, getdaytrends, trends24, tweeplers, hashtagify, irumble]",[],[],[],[],[],[],[],[],[],[],[]
IG_profile,"[namechk, usersearch, instant_user_name]",[],[],[],[],[],[],[],[],[],[],[],[],[],[],[],[]
LI_profile,"[namechk, rocketreach, usersearch, instant_user_name]",[rocketreach],[rocketreach],[],[],[],[],[rocketreach],[],[],[],[],[],[],[],[],[]
TT_profile,"[namechk, usersearch, instant_user_name]",[],[],[],[],[],[],[],"[follower_wonk, hoaxy, ]",[],[],[],[],[],[],[],[]
Corp_name,"[zoominfo, rocketreach, linkedin, hunterio]",[],[email_format],[],[],[],[],[rocketreach],[],"[rocketreach, linkedin, hunterio, email_format, sowdust, xtea.io, pastebinga]",[],[],[],[],[],[],[]
Leaks,"[pastebinga, xtea.io]",[pastebinga],"[haveibeenpwned,  pastebinga, xtea.io]",[],[],[],[],[],[],"[xtea.io, pastebinga]",[],"[pastebinga, xtea.io, haveibeenpwned]",[],[],[],[],[]
Image,[],[],[],[],[],[],[],[],[],[],[],[],"[yandex, tineye, google_images, seotools_reverse_image, Bing_visualsearch, search4faces]",[],[],[],[]
Fake_indication,[],[truecaller],[haveibeenpwned],[],"[, ]","[truthnest, hoaxy, follower_wonk, Makeadverbsgreatagain, spark_toro]",[],[],[],[],[],[],"[Bing_visualsearch, search4faces]",[],[],[],[]
Reddit_profile,"[unddit_search, search_reddit]",[],[],[],[],[],[],[],[],[],[],[],[],[],"[unddit_search, search_reddit]",[],[]
Primary,[],[],[],[],[],[],[],[],[],[],[],[],[],[],[],[],[]
Blockchain,[],[],[],[],[],[],[],[],[],[],[],[],[],[],[],"[graphsense, blockchain_explorer, Bitcoinwhoswho, wallet_explorer]",[]
Primary,[],[],[],[],[],[],[],[],[],[],[],[],[],[],[],[],[]
